<?xml version="1.0" encoding="UTF-8"?>
<project-private xmlns="http://www.netbeans.org/ns/project-private/1">
    <editor-bookmarks xmlns="http://www.netbeans.org/ns/editor-bookmarks/2" lastBookmarkId="0"/>
    <open-files xmlns="http://www.netbeans.org/ns/projectui-open-files/2">
        <group>
            <file>file:/D:/Documents/Netbeans/TubesDriver/src/tubesdriver/TubesDriver.java</file>
            <file>file:/D:/Documents/Netbeans/TubesDriver/src/tubesdriver/Planning_Barang.java</file>
            <file>file:/D:/Documents/Netbeans/TubesDriver/src/tubesdriver/Planning_Harian.java</file>
            <file>file:/D:/Documents/Netbeans/TubesDriver/src/tubesdriver/Edit_Uang.java</file>
            <file>file:/D:/Documents/Netbeans/TubesDriver/src/tubesdriver/Planning.java</file>
            <file>file:/D:/Documents/Netbeans/TubesDriver/src/tubesdriver/Transaksi.java</file>
            <file>file:/D:/Documents/Netbeans/TubesDriver/src/tubesdriver/Tanggal.java</file>
            <file>file:/D:/Documents/Netbeans/TubesDriver/src/tubesdriver/User.java</file>
            <file>file:/D:/Documents/Netbeans/TubesDriver/src/tubesdriver/Pendapatan.java</file>
            <file>file:/D:/Documents/Netbeans/TubesDriver/src/tubesdriver/Pengeluaran.java</file>
        </group>
    </open-files>
</project-private>
